feature,importance
amount,12.0
r_in_cnt_24h,11.0
log_amount,10.0
s_amt_ratio,7.0
r_fanin_ratio,7.0
s_cnt_24h,6.0
day_of_week,6.0
is_self_transfer,5.0
r_in_cnt_1h,5.0
s_secs_since_last,4.0
s_hist_cnt,4.0
pair_share,4.0
r_hist_mean_log,4.0
s_out_deg,3.0
hour,3.0
r_amt_ratio,3.0
s_amt_1h,3.0
s_amt_24h,3.0
r_in_deg,3.0
s_fanout_ratio,2.0
pair_hist_cnt,2.0
pass_through_24h,2.0
r_hist_cnt,2.0
r_out_deg,2.0
s_cnt_1h,2.0
s_in_deg,2.0
is_night,1.0
s_inflow_24h,1.0
type_code,1.0
currency_code,1.0
s_amt_z,1.0
reverse_pair_cnt,1.0
s_inflow_1h,1.0
is_weekend,0.0
s_cnt_5m,0.0
s_hist_std_log,0.0
s_hist_mean_log,0.0
is_new_pair,0.0
rapid_move_flag,0.0
